lamp,13,16,325,222,il_340x270.512342129_cwho.jpg,340,270
lamp,86,5,145,258,il_340x270.727962837_crv2.jpg,340,270
lamp,143,25,140,225,il_340x270.747124501_6ye7.jpg,340,270
lamp,90,5,138,265,il_340x270.790969542_5vum.jpg,340,270
lamp,52,13,260,251,il_340x270.839210305_m7jl.jpg,340,270
lamp,118,7,100,252,il_340x270.851546966_jti6.jpg,340,270
lamp,15,21,90,228,il_340x270.861947309_2smn.jpg,340,270
lamp,133,68,82,180,il_340x270.861947309_2smn.jpg,340,270
lamp,235,113,86,133,il_340x270.861947309_2smn.jpg,340,270
lamp,72,3,220,260,il_340x270.943694010_qze1.jpg,340,270
lamp,92,16,139,246,il_340x270.955601918_rvfm.jpg,340,270
lamp,101,4,124,261,il_340x270.1026776311_7i7m (1).jpg,340,270
lamp,103,7,131,258,il_340x270.1026776311_7i7m.jpg,340,270
lamp,60,3,209,266,il_340x270.1098483775_kwfb.jpg,340,270
lamp,43,1,250,269,il_340x270.1198995192_7zar.jpg,340,270
lamp,84,10,126,254,il_340x270.1278275720_ls1o.jpg,340,270
lamp,102,28,150,238,il_340x270.1278282102_ckx9.jpg,340,270
lamp,102,12,146,249,il_340x270.1279354204_2e4r.jpg,340,270
lamp,112,5,141,259,il_340x270.1280110190_g5m5 (1).jpg,340,270
lamp,122,3,127,257,il_340x270.1280110190_g5m5.jpg,340,270
lamp,86,29,211,220,il_340x270.1303969476_1odp.jpg,340,270
lamp,50,11,135,249,il_340x270.1324558183_ilrw.jpg,340,270
lamp,110,6,117,251,il_340x270.1325624325_3qgn.jpg,340,270
lamp,20,15,200,246,il_340x270.1343850792_mtjj.jpg,340,270
lamp,191,62,106,168,il_340x270.1347303562_1n0z.jpg,340,270
lamp,12,31,305,239,il_340x270.1451652861_4mgb.jpg,340,270
lamp,70,2,229,268,il_340x270.1469950864_a14i.jpg,340,270
lamp,25,1,313,268,il_340x270.1496900707_pi5k.jpg,340,270
lamp,58,40,213,230,il_340x270.1507866627_xbeg.jpg,340,270
lamp,63,7,252,263,il_340x270.1514578705_7fku.jpg,340,270
lamp,90,92,151,149,il_340x270.1605207949_2ttt.jpg,340,270
lamp,105,3,137,265,il_340x270.1682793456_kj97.jpg,340,270
lamp,10,0,324,267,il_340x270.1728589657_cs12.jpg,340,270
lamp,105,0,135,262,il_340x270.1804321063_8gar.jpg,340,270
lamp,0,18,335,209,il_340x270.1807670320_n4o6.jpg,340,270
lamp,97,7,224,263,il_340x270.1828697403_602e.jpg,340,270
lamp,547,216,645,1352,il_340x270.1836483326_9vjh.jpg,2000,1600
lamp,193,18,147,252,il_340x270.1868936526_erum.jpg,340,270
lamp,52,63,150,187,il_340x270.1885661064_b9vz.jpg,340,270
vase,102,167,27,83,il_340x270.1885661064_b9vz.jpg,340,270
lamp,58,3,196,267,il_340x270.1905798932_6px2.jpg,340,270
lamp,29,38,283,213,il_340x270.1907914799_rvna.jpg,340,270
lamp,43,42,277,183,il_340x270.1912274771_h0y6.jpg,340,270
lamp,62,1,202,266,il_340x270.1984885045_rusk.jpg,340,270
vase,160,226,86,44,il_340x270.1984885045_rusk.jpg,340,270
lamp,106,2,178,266,il_340x270.1992094704_kqxq.jpg,340,270
lamp,88,25,155,245,il_340x270.1998178921_evnq.jpg,340,270
lamp,25,2,305,268,il_340x270.1999471569_su61.jpg,340,270
lamp,36,3,269,267,il_340x270.2004297656_kp2h.jpg,340,270
lamp,75,3,203,266,il_340x270.2010349374_3l6p.jpg,340,270
lamp,56,8,167,252,il_340x270.2010389948_2ggc (1).jpg,340,270
lamp,56,8,171,246,il_340x270.2010389948_2ggc.jpg,340,270
lamp,90,12,147,248,il_340x270.2012571084_hjey.jpg,340,270